Lists,Type,Title,Link,Notes
Data-science;R;,People & Organisations,Olga Martel,https://onlinestatisticstutoring.com/blog/,
Data-science;R;,People & Organisations,Yanina Bellini Saibene,https://yabellini.netlify.app/blog/,
Data-science;,People & Organisations,Jonathan Carroll,https://jcarroll.com.au/,
Data-science;,People & Organisations,Meghan Harris,https://thetidytrekker.com/blog,
Data-science;R;,People & Organisations,Luis D. Verde Arregoitia,https://luisdva.github.io/,
Data-science;,People & Organisations,Jack Kennedy,https://jcken95.github.io/projects.html,
Data-science;R;,People & Organisations,Athanasia Mo Mowinckel,https://drmowinckels.io/blog/,
Data-science;R;,People & Organisations,Danielle Navarro,https://blog.djnavarro.net/,
Data-science;,People & Organisations,Dan Oehm,https://gradientdescending.com/,
Data-science;,People & Organisations,Josiah Parry,https://josiahparry.com/posts/,
Data-science;R;,People & Organisations,Shannon Pileggi,https://www.pipinghotdata.com/blog,
Data-science;R;,People & Organisations,Albert Rapp,https://albert-rapp.de/,
Data-science;R;Data-viz;,People & Organisations,Nicola Rennie,https://nrennie.rbind.io/,"Blog about data science, visualisation, and R."
Data-science;R;,People & Organisations,Bruno Rodrigues,https://www.brodrigues.co/blog/,
Data-science;R;,People & Organisations,Maëlle Salmon,https://masalmon.eu/,
Data-science;R;,People & Organisations,Steven Paul Sanderson II,https://www.spsanderson.com/steveondata/,
Data-science;R;,People & Organisations,Julia Silge,https://juliasilge.com/blog/,
Data-science;R;Data-viz;,People & Organisations,Cara Thompson (Telling Stories with Data),https://www.cararthompson.com/posts,
Data-science;,People & Organisations,Zak Varty,https://www.zakvarty.com/,
Data-science;R;Python;,People & Organisations,Isabella Velásquez,https://ivelasq.rbind.io/,
Data-science;R;,People & Organisations,Yihui Xie,https://yihui.org/en/,
Data-science;,People & Organisations,Matthew B. Jané,https://matthewbjane.github.io/blog.html,
Data-science;R;,People & Organisations,Crystal Lewis,https://cghlewis.com/,
Data-science;,People & Organisations,Emily Riederer,https://www.emilyriederer.com/,
Data-science;Python;,People & Organisations,Rebecca Barter,https://rebeccabarter.com/,
Data-science;,People & Organisations,Stephen Turner,https://blog.stephenturner.us/,
Data-science;Python;,People & Organisations,Rami Krispin,https://medium.com/@rami.krispin,
Data-science;Teaching;,People & Organisations,Andrew Gelman,https://statmodeling.stat.columbia.edu/,
Data-science;,People & Organisations,Frank Harrell,https://www.fharrell.com/#posts,
Data-science;Data-viz;,People & Organisations,Kieran Healy,https://kieranhealy.org/blog/,
Teaching;R;,People & Organisations,Andy Field,https://profandyfield.com/,
Data-science;,People & Organisations,Dorothy Bishop,https://deevybee.blogspot.com/,
Data-science;Teaching;,People & Organisations,Mine Dogucu,https://www.datapedagogy.com/,"Blog about teaching, statistics, and R."
Data-science;,People & Organisations,Emil Hvitfeldt,https://emilhvitfeldt.com/blog,
Data-science;,People & Organisations,Appsilon,https://www.appsilon.com/blog,
Data-science;,People & Organisations,her data,https://www.herdata.net/mainblog,
Data-science;,People & Organisations,Jumping Rivers,https://www.jumpingrivers.com/blog/,
Data-science;,People & Organisations,Posit,https://posit.co/blog/,
Data-science;R;,People & Organisations,rOpenSci,https://ropensci.org/blog/,
Data-science;,People & Organisations,S-Cubed,https://scubed.rbind.io/,"Blog by Sophie Lee about statistics, education, and R tips."
Data-science;R;,People & Organisations,ThinkR,https://rtask.thinkr.fr/blog/,
Data-science;R;,People & Organisations,Tidyverse,https://www.tidyverse.org/blog/,
Data-science;,People & Organisations,Open Forecasting,https://openforecast.org/,
Data-science;,People & Organisations,R Bloggers,https://www.r-bloggers.com/,
Data-science;,People & Organisations,Julia Bloggers,https://www.juliabloggers.com/,
Data-science;,People & Organisations,Mircea Zloteanu,https://mzloteanu.substack.com/,
Data-viz;,People & Organisations,Helena Jambor,https://helenajamborwrites.netlify.app/#category=datavis,
Data-viz;,People & Organisations,Alberto Cairo (The Art of Insight),https://theartofinsight.substack.com/,
Data-viz;R;,People & Organisations,Rita Giordano,https://ritagiordano.co.uk/,
Data-viz;,People & Organisations,Federica Fragapane,https://www.domestika.org/en/federica_fragapane,
Data-viz;,People & Organisations,Tanya Shapiro,https://tanyaviz.com/,
Data-viz;,People & Organisations,Kat Greenbrook (Rogue Penguin),https://www.roguepenguin.co.nz/blog,
Data-viz;R;,People & Organisations,Michael Friendly,https://www.datavis.ca/,
Data-viz;,People & Organisations,Alli Torban,https://www.allitorban.com/,
Data-viz;,People & Organisations,Amy Cesal,https://www.amycesal.com/,
Data-viz;,People & Organisations,Ihar Yanouski,https://yanouski.com/,
Data-viz;,People & Organisations,Moritz Stefaner (Truth and Beauty),https://truth-and-beauty.net/,
Data-viz;R;Python;,People & Organisations,Yan Holtz,https://www.yan-holtz.com/,
Data-viz;,People & Organisations,Shirley Wu,https://sxywu.github.io/,
Data-viz;,People & Organisations,Nadieh Bremer (Visual Cinnamon),https://www.visualcinnamon.com/about/,
Data-viz;,People & Organisations,Neil Richards (Questions in Dataviz),https://questionsindataviz.com/,
Data-viz;,People & Organisations,Nathan Yau (Flowing Data),https://flowingdata.com/,
Data-viz;,People & Organisations,Jonathan Schwabish (Policy Viz),https://policyviz.com/blog/,
Data-viz;,People & Organisations,Ilya Kashnitsky,https://ikashnitsky.phd/#category=dataviz,
Data-viz;,People & Organisations,Zane Wolf,https://www.zanewolf.com/blog,
Data-viz;,People & Organisations,Andy Kirk (Visualizing Data),https://visualisingdata.com/,
Data-viz;,People & Organisations,Dallas Novakowski (Thought-doing),https://dallasnova.rbind.io/post/,
Data-viz;,People & Organisations,Gregor Aisch,https://driven-by-data.net/,
Data-viz;,People & Organisations,RJ Andrews (Info We Trust),https://infowetrust.com/about,
Data-viz;,People & Organisations,Koen Van den Eeckhout (Baryon),https://baryon.be/blog/,
Data-viz;,People & Organisations,Jacque Schrag,https://jacqueschrag.com/,
Data-viz;,People & Organisations,Enrico Bertini,https://filwd.substack.com/,
Data-viz;,People & Organisations,Lisa Hornung (Inside Numbers),https://inside-numbers.com/,
Data-viz;,People & Organisations,Lisa Charlotte Muth,https://lisacharlottemuth.com/,
Data-viz;,People & Organisations,Matthias Stahl,https://www.higsch.com/,
Data-viz;,People & Organisations,Wendy Shijia,https://wendyshijia.notion.site/,
Data-viz;,People & Organisations,Will Chase,https://www.williamrchase.com/,
Data-viz;,People & Organisations,Giuseppe Sollazzo (Puntofisso),https://puntofisso.net/,
Data-viz;R;,People & Organisations,Charlotte Hadley (Visible Data),https://www.visibledata.io/,
Teaching;,People & Organisations,Teaching Statistics Trust,https://teachingstatisticstrust.org.uk/,
Data-science;R;,Programming Books,Advanced R,https://adv-r.hadley.nz/,
Data-viz;R;,Programming Books,The Art of Data Visualization with ggplot2,https://nrennie.rbind.io/art-of-viz,
Data-science;,Programming Books,An Introduction to Statistical Learning,https://www.statlearning.com/,
Data-science;,Programming Books,Bayes Rules,https://www.bayesrulesbook.com/,An Introduction to Applied Bayesian Modeling
Data-science;R;,Programming Books,Big Book of R,https://www.bigbookofr.com/,"Collection of over 400 free, open-sourced books related to R."
Data-science;R;,Programming Books,Building reproducible analytical pipelines (RAP) with R,https://raps-with-r.dev/,
Data-science;,Programming Books,D3 in Depth,https://www.d3indepth.com/,
Data-science;Teaching;,Programming Books,Data Management in Large-Scale Education Research,https://datamgmtinedresearch.com/,
Data-science;Data-viz;Python;,Programming Books,Data Visualization with Plotnine,https://f0nzie.github.io/rmarkdown-python-plotnine/,
Data-science;Data-viz;,Programming Books,Data Visualization: A Practical Introduction,https://socviz.co/,
Data-science;R;Teaching;,Programming Books,Data Science in Education Using R,https://datascienceineducation.com/,
Data-science;,Programming Books,Data Science at the Command Line,https://jeroenjanssens.com/dsatcl/,
Data-science;R;,Programming Books,Deep Learning and Scientific Computing with R torch,https://skeydan.github.io/Deep-Learning-and-Scientific-Computing-with-R-torch/,
Data-science;R;,Programming Books,Efficient Machine Learning with R,https://emlwr.org/,
Data-science;R;,Programming Books,Efficient R Programming,https://csgillespie.github.io/efficientR/,
Data-science;R;,Programming Books,Engineering Production-Grade Shiny Apps,https://engineering-shiny.org/,
Data-science;R;,Programming Books,The Epidemiologist R Handbook,https://epirhandbook.com/,
Data-science;R;,Programming Books,Exploring Complex Survey Data Analysis Using R,https://tidy-survey-r.github.io/tidy-survey-book/,
Data-science;,Programming Books,Forecasting: Principles and Practice,https://otexts.com/fpp3/,
Data-science;,Programming Books,Forecasting and Analytics with the Augmented Dynamic Adaptive Model (ADAM),https://openforecast.org/adam/,
Data-science;Data-viz;,Programming Books,Fundamentals of Data Visualization,https://clauswilke.com/dataviz/,
Data-viz;R;,Programming Books,Getting (more out of) Graphics,https://bookdown.org/aatcosada/GmooG-book2,
Data-science;R;,Programming Books,ggiraph Book,https://www.ardata.fr/ggiraph-book/,
Data-science;R;,Programming Books,ggplot2: Elegant Graphics for Data Analysis,https://ggplot2-book.org/,
Data-science;R;,Programming Books,ggplot2 extended,https://ggplot2-extended-book.com/,
Data-science;R;Maps;,Programming Books,Geocomputation with R,https://r.geocompx.org/,
Data-science;Maps;,Programming Books,Geospatial Health Data: Modeling and Visualization with R-INLA and Shiny,https://www.paulamoraga.com/book-geospatial/,
Data-science;,Programming Books,Git in Practice,https://github.com/MikeMcQuaid/GitInPractice,
Data-science;R;,Programming Books,Happy Git with R,https://happygitwithr.com/,
Data-science;R;,Programming Books,HTTP testing in R,https://books.ropensci.org/http-testing/index.html,
Data-science;,Programming Books,JavaScript for Data Science,https://third-bit.com/js4ds/,
Data-science;R;,Programming Books,JavaScript for R,https://book.javascript-for-r.com/,
Data-science;R;,Programming Books,Large Language Model tools for R,https://luisdva.github.io/llmsr-book/,
Data-science;R;,Programming Books,Mastering Shiny,https://mastering-shiny.org/,
R;Maps;,Programming Books,Model-based geostatistics for global public health using R,https://mbgr.quarto.pub/book/,
Data-science;,Programming Books,Pro Git,https://git-scm.com/book/en/v2,
Data-science;Python;,Programming Books,Python for Data Analysis,https://wesmckinney.com/book/,
Data-science;Python;,Programming Books,Python for Data Science,https://aeturrell.github.io/python4DS/welcome.html,
Data-science;Python;,Programming Books,Python Polars: The Definitive Guide,https://polarsguide.com/,
Data-science;R;,Programming Books,R Cookbook,https://rc2e.com/,
Data-science;R;,Programming Books,R for Data Science,https://r4ds.hadley.nz/,
Data-science;R;,Programming Books,R for Health Data Science,https://argoshare.is.ed.ac.uk/healthyr_book/,
Data-science;R;,Programming Books,R for the Rest of Us: A Statistics-Free Introduction,https://book.rfortherestofus.com/,
Data-science;R;Data-viz;,Programming Books,R Graphics Cookbook,https://r-graphics.org/,
Data-science;,Programming Books,R in Production,https://r-in-production.org/,
Data-science;,Programming Books,R Packages,https://r-pkgs.org/,
Data-science;R;,Programming Books,R Markdown: The Definitive Guide,https://bookdown.org/yihui/rmarkdown/,
Data-science;,Programming Books,The Rust Programming Language,https://doc.rust-lang.org/book/,
Data-science;R;,Programming Books,Scaling Up With R and Arrow,https://arrowrbook.com/,
Data-science;R;,Programming Books,Statistical Inference via Data Science: A ModernDive into R and the Tidyverse (2e),https://moderndive.com/v2/index.html,
Data-science;R;,Programming Books,Supervised Machine Learning for Text Analysis in R,https://smltar.com/,
Data-science;R;,Programming Books,Spatial Statistics for Data Science: Theory and Practice with R,https://www.paulamoraga.com/book-spatial/index.html,
Data-science;,Programming Books,Telling Stories with Data,https://tellingstorieswithdata.com/,
Data-science;R;,Programming Books,Text Mining with R,https://www.tidytextmining.com/,
Data-science;,Programming Books,Think Bayes,https://allendowney.github.io/ThinkBayes2/index.html,An introduction to Bayesian statistics using computational methods.
Data-science;R;,Programming Books,Tidy Modelling with R,https://www.tmwr.org/,
Data-science;R;,Programming Books,Visualization for Social Data Science,https://vis4sds.github.io/vis4sds/,
Data-science;R;,Programming Books,What They Forgot to Teach You About R,https://rstats.wtf/,
Data-viz;Data-science;,Community & Events,Data Visualization Society,https://www.datavisualizationsociety.org/,
Data-viz;Data-science;,Community & Events,Tableau Community,https://community.tableau.com/s/,
Data-viz;Data-science;,Community & Events,Women in Dataviz,https://womenindataviz.substack.com/about,
Data-viz;,Community & Events,PSI Visualisation Special Interest Group,https://www.psiweb.org/sigs-special-interest-groups/visualisation,
Data-science;R;,Community & Events,Data Science Learning Community,https://dslc.io/,
Data-science;,Community & Events,NHS RAP Community of Practice,https://nhsdigital.github.io/rap-community-of-practice/,Reproducible Analytical Pipelines (RAP)
Data-science;R;,Community & Events,NHS-R Community,https://nhsrcommunity.com/,
Data-science;R;,Community & Events,rainbowR,https://rainbowr.org/,"A community to connect, support and promote LGBTQ+ people in the R community and to spread awareness of LGBTQ+ issues through data-driven activism."
Data-science;R;,Community & Events,R-Ladies+,https://rladies.org/,A worldwide organization whose mission is to promote gender diversity in the R community.
Data-science;R;,Community & Events,R/Pharma,https://rinpharma.com/,"A scientifically and industry oriented, collegial online community focused on the use of R in the development of pharmaceuticals."
Data-science;R;,Community & Events,rOpenSci,https://ropensci.org/community/,
Data-science;Python;,Community & Events,pyOpenSci,https://www.pyopensci.org/our-community/index.html,
Data-science;Python;,Community & Events,PyData,https://www.meetup.com/pro/pydata/,
Data-science;Teaching;,Community & Events,RoSE (Researchers of Statistics Education) Network,https://www.rose-network.org/,
Data-science;,Community & Events,Rust Discord,https://discord.com/invite/rust,
Data-science;Python;,Community & Events,PyLadies,https://pyladies.com/,
Data-viz;,Community & Events,EuroVis,https://eurovis.org.uk/,
Data-viz;,Community & Events,IEEE VIS,https://ieeevis.org/,
Data-viz;,Community & Events,Dataviz Conferences in 2025,https://medium.com/@yvette110/data-visualization-events-in-2025-a-must-attend-guide-by-datavizlineup-08081964d81c,
Teaching;,Community & Events,UK Conference On Teaching Statistics (UKCOTS),https://www.ukcots.org/,In-person UK-based conference.
Teaching;,Community & Events,International Conference on Teaching Statistics (ICOTS),https://icots12.oa-event.com/,In-person conference with location varying every 4 years.
Teaching;,Community & Events,Teaching and Learning Mathematics Online (TALMO),https://talmo.uk/,Series of online seminars on teaching and learning mathematics.
Teaching;,Community & Events,Consortium for the Advancement of Undergraduate Statistics Education (CAUSE),https://www.causeweb.org/cause/,
Teaching;,Community & Events,SSA Statistics Education Section,https://statsoc.org.au/Statistical-Education,
Teaching;,Community & Events,International Association for Statistics Education,https://iase-web.org/,
R;,Community & Events,R User Community Events,https://luma.com/r_user_community,
Data-science;R;,Community & Events,A list of R conferences and meetings,https://jumpingrivers.github.io/meetingsR/events.html,
Teaching;,Community & Events,RSS Teaching Statistics Section,https://rss.org.uk/membership/rss-groups-and-committees/sections/teaching-statistics/,Section of the Royal Statistical Society focusing on post-18 education and professional training.
Data-science;,Community & Events,Posit Data Science Hangout,https://posit.co/data-science-hangout/,Weekly data science community meeting.
Data-science;,Community & Events,Posit Data Science Lab,https://pos.it/dslab,Weekly data science meeting with unscripted screen-sharing and live coding happening.
Teaching;,Community & Events,Burwalls,https://sites.google.com/view/burwalls/home,A network for Teachers of Statistics in the Health Sciences.
Data-science;,Data,Awesome Public Datasets,https://github.com/awesomedata/awesome-public-datasets,A topic-centric list of HQ open datasets.
Data-science;,Data,Data.gov,https://data.gov/,U.S. Government's Open Data
Data-science;,Data,Data Commons,https://datacommons.org/,Offers data exploration tools and cloud-based APIs to access and integrate cleaned datasets.
Data-science;,Data,European Data,https://data.europa.eu/en,The official portal for European data.
Data-science;,Data,Data Is Plural,https://www.data-is-plural.com/,A newsletter of useful/curious datasets.
Data-science;,Data,Google Dataset Search,https://datasetsearch.research.google.com/,Dataset search.
Data-science;,Data,Information is Beautiful,https://informationisbeautiful.net/data/,Spreadsheet of all the best data from Information is Beautiful.
Data-science;,Data,NHS Digital,https://digital.nhs.uk/data-and-information/statistical-publications-open-data-and-data-products,"Statistical publications, open data and data products from the NHS."
Data-science;,Data,unicefData,https://github.com/unicef-drp/unicefData,"Access Unicef data through R, Python, or Stata."
Data-science;R;,Data,NHSRdatasets,https://github.com/nhs-r-community/NHSRdatasets,NHS and healthcare related datasets for training and learning R.
Data-science;,Data,Office for National Statistics,https://www.ons.gov.uk/,Official statistics related to the United Kingdom.
Data-science;,Data,Office for National Statistics API,https://developer.ons.gov.uk/,API for official statistics related to the United Kingdom.
Maps;,Data,Open Geography Portal,https://geoportal.statistics.gov.uk/,"Geographic data for the United Kingdom, including shapefiles and geojson downloads."
Data-science;R;,Data,Rdatasets,https://vincentarelbundock.github.io/Rdatasets/articles/data.html,Datasets that are available through R packages.
Data-science;Teaching;,Data,Teaching of Statistics in the Health Sciences,https://causeweb.org/tshs/,Datasets that are useful for teaching statistics in health disciplines.
Data-science;,Data,tidyRainbow,https://github.com/r-lgbtq/tidyrainbow,Datasets about LGBTQ+ topics.
Data-science;,Data,TidyTuesday,https://github.com/rfordatascience/tidytuesday,"Curated list of real world datasets available as CSV files, and via R, Python, and Julia."
Data-science;,Data,UK Data Service,https://ukdataservice.ac.uk/,"Collection of economic, population, and social research data."
Data-science;,Data,Unified UK Census Data,https://data.geods.ac.uk/dataset/unified-uk-census-data,"Brings together data from ONS (England & Wales), NRS (Scotland), and NISRA (Northern Ireland) 2021/2022 censuses."
Data-science;,Data,Open Innovations,https://open-innovations.org/data/,
Maps;,Data,UK Hex Maps,https://hexmap.uk/,Brings together openly licensed hex map layouts of UK geographies that are available for reuse.
Data-science;,Data,Dryad,https://datadryad.org/stash,Open data publishing platform.
Data-science;Data-viz;,Challenge,30 Day Chart Challenge,https://github.com/30DayChartChallenge,Visualisation challenge taking place every April.
Data-science;Maps;,Challenge,30 Day Map Challenge,https://30daymapchallenge.com/,Mapping challenge taking place every November.
Data-science;Data-viz;,Challenge,Makeover Monday,https://makeovermonday.co.uk/,Weekly data visualisation makeover challenge.
Data-viz;,Challenge,Sports Viz Sunday,https://www.sportsvizsunday.com/,
Data-science;Data-viz;,Challenge,Storytelling with Data,https://community.storytellingwithdata.com/challenges,
Data-viz;,Challenge,Viz for Social Good,https://www.vizforsocialgood.com/,
]Data-viz;,Challenge,Wonderful Wednesdays,https://www.psiweb.org/sigs-special-interest-groups/visualisation/welcome-to-wonderful-wednesdays,
Data-viz;,Challenge,Pacific Data Viz Challenge,https://pacificdatavizchallenge.org/,
Data-science;,Videos & Podcasts,Statistics Globe,https://www.youtube.com/@StatisticsGlobe,
Data-science;,Videos & Podcasts,Albert Rapp,https://www.youtube.com/@rappa753,
Data-science;,Videos & Podcasts,Svelte + D3 Training (Matthias Stahl),https://www.youtube.com/playlist?list=PLNvnDrMLMSipfbxSp1Z4v9Ydu2ud5i9V8,
Data-science;,Videos & Podcasts,Julia Silge,https://www.youtube.com/c/JuliaSilge,
Data-science;R;,Videos & Podcasts,R for the Rest of Us Podcast,https://rfortherestofus.com/podcast,Podcast talking with people about how they use R in creative ways.
Data-science;R;,Videos & Podcasts,RWeekly Podcast,https://serve.podhome.fm/r-weekly-highlights,Weekly podcast discussing the contents of Rweekly.
Data-science;,Videos & Podcasts,Posit Data Science Lab recordings,https://www.youtube.com/playlist?list=PL9HYL-VRX0oSeWeMEGQt0id7adYQXebhT,
Data-science;,Videos & Podcasts,posit::conf(2025) recordings,https://www.youtube.com/playlist?list=PL9HYL-VRX0oTixlfDPCS5RW_F1pccERRe,
Data-viz;,Website,Using D3 with Svelte,https://datavisualizationwithsvelte.com/,
Data-viz;,Website,A ggplot2 Grammar Guide,https://evamaerey.github.io/ggplot2_grammar_guide/about,
Data-science;R;Python;,Website,Diffify,https://diffify.com/,Compare versions of R and Python packages.
Data-science;,Website,HDR Global,https://globalhealthdatascience.tghn.org/hub-resources/spotlight-r/,"Resources, tips, and ideas to learn R for health data science."
Data-science;R;Teaching;,Website,PsyTeachR,https://psyteachr.github.io/,
Data-science;,Website,R for the Rest of Us,https://rfortherestofus.com/,
Data-science;,Website,Significance Magazine,https://significancemagazine.com/,"Bimonthly magazine for anyone interested in statistics and the analysis and interpretation of data, published by the Royal Statistical Society."
Data-science;R;,Website,Tidymodels website,https://www.tidymodels.org/,
Data-science;,Website,The Turing Way,https://www.turing.ac.uk/research/research-projects/turing-way,
Data-science;,Website,Quarto,https://quarto.org/,An open-source scientific and technical publishing system.
Data-science;,Website,Welcome to Svelte,https://svelte.dev/tutorial/svelte/welcome-to-svelte,
Data-science;R;,Website,A ggplot2 Grammar Guide,https://evamaerey.github.io/ggplot2_grammar_guide/about,
Data-science;,Website,Oh My Git!,https://ohmygit.org/,An open source game about learning Git
Data-viz;,Website,FT Visual Vocabulary,https://github.com/Financial-Times/chart-doctor/tree/main/visual-vocabulary,Financial Times Visual Vocabulary.
Data-viz;,Website,99 data viz rules and why it's OK to break them,https://www.addtwodigital.com/blog,
Data-viz;,Website,"Mistakes, we've drawn a few",https://medium.economist.com/mistakes-weve-drawn-a-few-8cdd8a42d368,
Data-viz;,Website,Data Feminism,https://direct.mit.edu/books/book/4660/Data-Feminism,
Data-viz;,Website,ONS Digital Blog,https://digitalblog.ons.gov.uk/category/dataviz/,
Data-viz;,Website,From Data to Viz,https://www.data-to-viz.com/,
Data-viz;,Website,Data Viz Project,https://datavizproject.com/,
Data-viz;,Website,VizHub,https://vizhub.com/,
Data-viz;,Website,Saloni's guide to data visualization,https://www.scientificdiscovery.dev/p/salonis-guide-to-data-visualization,
Data-viz;Teaching;,Website,Open Visualization Academy,https://openvisualizationacademy.org/,
Data-viz;,Website,VisLies,https://www.vislies.org/,
Data-viz;,Website,RSS Best Practices for Data Visualisation,https://rss.org.uk/datavisguide/,Royal Statistical Society data visualisation style guide and best practices. 
Data-viz;,Website,ONS Data Visualisation Manual,https://service-manual.ons.gov.uk/data-visualisation,Office for National Statistics data visualisation style guide and best practices. 
Data-viz;,Website,Government Analysis Function,https://analysisfunction.civilservice.gov.uk/area_of_work/data-visualisation/,
Data-viz;,Website,Economist style guide,https://design-system.economist.com/documents/CHARTstyleguide_20170505.pdf,
Data-viz;,Website,Data visualization style guidelines,https://www.datavizstyleguide.com/,
Data-viz;,Website,Urban Institute data visualization style guide,https://urbaninstitute.github.io/graphics-styleguide/,
Teaching;R;,Website,Discovering Statistics,https://discoveringstatistics.com/,
Data-viz;Maps;,Website,Ordnance Survey: More than maps,https://docs.os.uk/more-than-maps,
Teaching;,Website,The National Teaching Repository,https://ntrepository.com/,"An open access online searchable database where colleagues can upload and share teaching resources, pedagogical research, approaches and ideas."
Data-science;,Website,Posit Open Source,https://opensource.posit.co/,
Teaching;,Website,RSS Teaching Resources,https://rss.org.uk/resources/resources-for-educators/teaching-resources/,
Data-science;,Resource list,Awesome Quarto,https://github.com/mcanouil/awesome-quarto,"A curated list of Quarto talks, tools, examples, and articles."
Data-viz;,Resource list,Data Folks: List of information designers,https://juanchiparra.github.io/data-folks/,
Data-viz;,Resource list,Data visualization podcasts,https://baryon.notion.site/b7307b3af0dd45e1a891feb54d996866?v=f72fa21424a74e55ad058cf4e50ba9da,
Data-viz;,Resource list,Visualization design resources,https://www.cs.ubc.ca/group/infovis/resources.shtml,
Data-viz;,Resource list,Awesome Dataviz,https://github.com/hal9ai/awesome-dataviz,
Data-viz;,Resource list,Visualizing Data resources,https://visualisingdata.com/resources/,
Data-viz;,Resource list,Henry Lau resources,https://www.henrylau.co.uk/resources/,
Data-viz;,Resource list,VizDex,https://vizdexproject.com/,
Data-viz;,Resource list,The Pudding (Our Resources),https://pudding.cool/resources/,
Data-viz;,Resource list,VizDex,https://vizdexproject.com/,A library of personal and independent blogs and newsletters dedicated to data visualization.
Data-viz;Maps;,Resource list,More than maps external resources,https://docs.os.uk/more-than-maps/resources/data-visualisation-external-resources,
Data-viz;,Accessibility & Colour,Viz Palette,https://projects.susielu.com/viz-palette,
Data-viz;,Accessibility & Colour,Coolors,https://coolors.co/generate,
Data-viz;,Accessibility & Colour,ColorBrewer,https://colorbrewer2.org/,
Data-viz;,Accessibility & Colour,Data viz contrast tool,https://datavizcontrast.com/,
Data-viz;,Accessibility & Colour,Color Blender,https://meyerweb.com/eric/tools/color-blend/,
Data-viz;,Accessibility & Colour,dittoTones,https://meodai.github.io/dittoTones/, 
Data-viz;,Accessibility & Colour,Building color palettes in your data visualization style guides,https://pmc.ncbi.nlm.nih.gov/articles/PMC10797256/,
Data-viz;,Accessibility & Colour,Analysing and comparing color palettes with cols4all,https://cols4all.github.io/cols4all-R/articles/01_paper.html,
Data-viz;,Accessibility & Colour,How to find and create good color palettes,https://www.datawrapper.de/blog/create-good-color-palettes,
Data-viz;,Accessibility & Colour,Python color palette finder,https://python-graph-gallery.com/color-palette-finder/,
Data-viz;,Accessibility & Colour,Poline,https://meodai.github.io/poline/,
Data-viz;Maps;,Accessibility & Colour,CARTOColors,https://carto.com/carto-colors/,
Data-viz;Maps;,Accessibility & Colour,Color palettes for geoscientific visualization,https://dominicroye.github.io/color-for-geoscience/,
Data-viz;,Accessibility & Colour,Writing alt text for data visualization,https://medium.com/nightingale/writing-alt-text-for-data-visualization-2a218ef43f81,
Data-viz;,Accessibility & Colour,How to write text descriptions (alt text) in BBC News articles,https://www.bbc.co.uk/gel/how-to-write-text-descriptions-alt-text,
Data-viz;,Accessibility & Colour,Why your data viz needs alt text,https://academic.oup.com/jrssig/article/20/1/38/7034177,
Data-viz;,Accessibility & Colour,Making charts accessible,https://analysisfunction.civilservice.gov.uk/policy-store/making-analytical-publications-accessible/#section-4,
Data-viz;,Accessibility & Colour,Dataviz accessibility resources,https://github.com/dataviza11y/resources,
Data-viz;,Academic Articles & Journals,"Preference for and understanding of graphs presenting health risk information. The role of age, health literacy, numeracy and graph literacy",https://www.sciencedirect.com/science/article/pii/S0738399120303499?via%3Dihub,
Data-viz;,Academic Articles & Journals,Judgment error in pie chart variations,https://diglib.eg.org/server/api/core/bitstreams/b0fc6407-96c8-4127-b1cb-6ca990b2ddb0/content,
Data-viz;,Academic Articles & Journals,What Makes a Visualization Memorable?,https://ieeexplore.ieee.org/abstract/document/6634103,
Data-viz;,Academic Articles & Journals,"Graphical Perception: Theory, Experimentation, and Application to the Development of Graphical Methods",http://euclid.psych.yorku.ca/www/psy6135/papers/ClevelandMcGill1984.pdf,
Data-viz;,Academic Articles & Journals,Automating the design of graphical presentations of relational information,https://doi.org/10.1145/22949.22950,
Data-viz;Teaching;,Academic Articles & Journals,Psychology of data visualization,https://friendly.github.io/6135/,
Data-viz;R;,Academic Articles & Journals,A layered grammar of graphics,http://dx.doi.org/10.1198/jcgs.2009.07098,
Data-viz;R;,Academic Articles & Journals,ggdist: Visualizations of Distributions and Uncertainty in the Grammar of Graphics,https://doi.org/10.1109/TVCG.2023.3327195,
Data-viz;,Academic Articles & Journals,Information Visualization,https://us.sagepub.com/en-us/nam/journal/information-visualization,
Data-viz;,Academic Articles & Journals,Nightingale,https://nightingaledvs.com/,Journal of the Data Visualization Society.
Data-viz;,Academic Articles & Journals,Visible Language,https://journals.uc.edu/index.php/vl/issue/archive,
Data-viz;,Academic Articles & Journals,Visualizing uncertainty about the future,https://www.stat.berkeley.edu/~aldous/157/Papers/spiegelhalter_visualizing.pdf,
Data-viz;,Academic Articles & Journals,A checklist for designing and improving the visualization of scientific data,https://www.nature.com/articles/s41556-025-01684-z,
Teaching;,Academic Articles & Journals,Journal of Statistics and Data Science Education,https://www.tandfonline.com/journals/ujse21,
Data-viz;,Software & Packages,Datawrapper,https://www.datawrapper.de/,Low code
Data-viz;,Software & Packages,Flourish,https://flourish.studio/,Low code
Data-viz;,Software & Packages,SveltePlot,https://svelteplot.dev/,
Data-viz;,Software & Packages,Observable,https://observablehq.com/,
Data-viz;,Software & Packages,Tableau,https://www.tableau.com/,Low code
Data-viz;,Software & Packages,D3,https://d3js.org/,
Data-viz;,Software & Packages,RAWGraphs,https://www.rawgraphs.io/,Low code
Data-viz;R;,Software & Packages,ggplot2,https://ggplot2.tidyverse.org/,
Data-viz;Python;,Software & Packages,Plotnine,https://plotnine.org/,
Data-viz;,Software & Packages,Highcharts,https://www.highcharts.com/,
Data-viz;,Software & Packages,Inkscape,https://inkscape.org/,Low code
Data-viz;,Software & Packages,Figma,https://www.figma.com/,Low code
Maps;,Software & Packages,QGIS,https://qgis.org/,
Data-viz;,Inspiration,Information is Beautiful,https://informationisbeautiful.net/,
Data-viz;,Inspiration,Datawrapper Blog,https://www.datawrapper.de/blog/,
Data-viz;,Inspiration,Wonderful Wednesdays,https://www.psiweb.org/sigs-special-interest-groups/visualisation/welcome-to-wonderful-wednesdays,
Data-viz;,Inspiration,Data is Beautiful,https://www.reddit.com/r/dataisbeautiful/,
Data-viz;,Inspiration,PSI Wonderful Wednesdays,https://vis-sig.github.io/blog/,
Data-viz;,Inspiration,TidyTuesday Bluesky Feed,https://bsky.app/profile/nrennie.bsky.social/feed/aaam7sw6umjoq,
Data-viz;Maps;,Inspiration,2020 30 Day Map Challenge Gallery,https://david.frigge.nz/30DayMapChallenge2020/maps.html,
Data-viz;,Inspiration,Sports Viz Sunday,https://www.sportsvizsunday.com/,
Data-viz;,Inspiration,Storytelling with Data,https://community.storytellingwithdata.com/challenges,
Data-viz;,Inspiration,30 Day Chart Challenge Bluesky,https://bsky.app/profile/30daychartchall.bsky.social,
Data-viz;,Inspiration,Massachusetts (Massive) Visualization Dataset,http://massvis.mit.edu/,
Data-viz;,Inspiration,Help Me Viz,https://helpmeviz.com/,
Data-viz;,Inspiration,Recreations of W.E.B Dubois's Data Portraits,https://github.com/ajstarks/dubois-data-portraits/,
Data-viz;,Inspiration,Storytelling with Data,https://www.storytellingwithdata.com/,
Data-viz;,Inspiration,The Plot,https://www.theplot.media/,
Data-viz;,Inspiration,Visual Capitalist,https://www.visualcapitalist.com/,
Data-viz;,Inspiration,The Pudding,https://pudding.cool/,
Data-viz;Maps;,Inspiration,Our World in Data,https://ourworldindata.org/,
Data-viz;,Inspiration,New York Times (What's Going On in This Graph?),https://www.nytimes.com/column/whats-going-on-in-this-graph,
Data-viz;,Inspiration,USAFacts,https://usafacts.org/visualizations/,
Data-viz;,Inspiration,Financial Times Visual Journalism,https://www.ft.com/visual-and-data-journalism,
Data-viz;,Inspiration,The Guardian Visual Journalism,https://www.theguardian.com/interactive,
Data-viz;,Inspiration,Beautiful Public Data,https://www.beautifulpublicdata.com/,
Data-viz;Maps;,Inspiration,Engineers of Map Art,https://www.research-collection.ethz.ch/entities/publication/a5baabb8-075e-401c-842a-4d77f3badd42,
Data-viz;R;,Inspiration,R Graph Gallery,https://r-graph-gallery.com/,
Data-viz;Python;,Inspiration,Python Graph Gallery,https://python-graph-gallery.com/,
Data-science;,Newsletter,Counting Stuff,https://www.counting-stuff.com/,Weekly newsletter about data science.
Data-science;,Newsletter,Data Elixir,https://dataelixir.com/,"Weekly newsletter covering machine learning, data visualization, analytics, and strategy."
Data-science;,Newsletter,Data Science Weekly,https://datascienceweekly.substack.com/,
Data-science;,Newsletter,Rami Krispin,https://www.linkedin.com/newsletters/rami-s-data-newsletter-7230119265956216833/,
Data-science;,Newsletter,Royal Statistical Society's Data Science and AI Section,https://rssdsaisection.substack.com/,
Data-science;,Newsletter,Visualizing Data,https://visualisingdata.ck.page/b9efcf751f,Monthly data visualisation newsletter from Andy Kirk.
Data-science;R;,Newsletter,RWeekly,https://rweekly.org/,Weekly newsletter with great things from the R community.
Data-science;,Newsletter,Notes on Data and Learning,https://federicagazzelloni.substack.com/,"Writing on data science, statistics, and R."
Data-viz;,Newsletter,Quantum of Sollazzo,https://quantumofsollazzo.com/,
Data-viz;,Newsletter,The Crunch Newsletter,https://www.theguardian.com/news/series/the-crunch-data-newsletter-email,
Data-viz;,Newsletter,Datawrapper Newsletter,https://www.datawrapper.de/blog/newsletter,
Data-viz;,Newsletter,The Visualising Data Newsletter,https://visualisingdata.com/newsletter/,
Data-viz;,Newsletter,The Pudding Newsletter,https://pudding.cool/subscribe,
Data-viz;,Newsletter,Chartography,https://www.chartography.net/,
Data-viz;,Newsletter,The Data Storyteller's Newsletter,https://us21.campaign-archive.com/home/?u=aa646e8e2a136beb294a0817a&id=1d5ff1558e,
Data-viz;,Newsletter,Off the Charts,https://www.economist.com/newsletters/off-the-charts,
